date,lag_1_modal_price,target_modal_price_next_observation
2025-03-05,1533.3333333333333,1300.0
2025-03-06,1300.0,1366.6666666666667
2025-03-07,1366.6666666666667,1933.3333333333333
2025-03-08,1933.3333333333333,1500.0
2025-03-09,1500.0,1575.0
2025-03-10,1575.0,1550.0
2025-03-11,1550.0,1433.3333333333333
2025-03-12,1433.3333333333333,1575.0
2025-03-13,1575.0,1366.6666666666667
2025-03-14,1366.6666666666667,1566.6666666666667
2025-03-15,1566.6666666666667,1450.0
2025-03-16,1450.0,1833.3333333333333
2025-03-17,1833.3333333333333,1600.0
2025-03-18,1600.0,1866.6666666666667
2025-03-19,1866.6666666666667,1700.0
2025-03-20,1700.0,1800.0
2025-03-21,1800.0,1775.0
2025-03-22,1775.0,1550.0
2025-03-23,1550.0,1700.0
2025-03-24,1700.0,1700.0
2025-03-25,1700.0,1666.6666666666667
2025-03-26,1666.6666666666667,1583.3333333333333
2025-03-27,1583.3333333333333,1566.6666666666667
2025-03-28,1566.6666666666667,1600.0
2025-03-29,1600.0,1800.0
2025-03-31,1800.0,1866.6666666666667
2025-04-01,1866.6666666666667,1833.3333333333333
2025-04-02,1833.3333333333333,1866.6666666666667
2025-04-03,1866.6666666666667,1766.6666666666667
2025-04-04,1766.6666666666667,2166.6666666666665
2025-04-05,2166.6666666666665,1800.0
2025-04-06,1800.0,1900.0
2025-04-07,1900.0,1850.0
2025-04-08,1850.0,1550.0
2025-04-09,1550.0,1566.6666666666667
2025-04-10,1566.6666666666667,1800.0
2025-04-11,1800.0,1666.6666666666667
2025-04-12,1666.6666666666667,1800.0
2025-04-13,1800.0,1733.3333333333333
2025-04-14,1733.3333333333333,1800.0
2025-04-15,1800.0,1966.6666666666667
2025-04-16,1966.6666666666667,1833.3333333333333
2025-04-17,1833.3333333333333,1650.0
2025-04-18,1650.0,1833.3333333333333
2025-04-19,1833.3333333333333,1850.0
2025-04-20,1850.0,1933.3333333333333
2025-04-21,1933.3333333333333,1650.0
2025-04-22,1650.0,1900.0
2025-04-23,1900.0,1833.3333333333333
2025-04-24,1833.3333333333333,1850.0
2025-04-25,1850.0,1912.5
2025-04-26,1912.5,1800.0
2025-04-28,1800.0,1833.3333333333333
2025-04-29,1833.3333333333333,1800.0
2025-04-30,1800.0,1933.3333333333333
2025-05-02,1933.3333333333333,1933.3333333333333
2025-05-03,1933.3333333333333,1600.0
2025-05-04,1600.0,2075.0
2025-05-05,2075.0,2275.0
2025-05-06,2275.0,1833.3333333333333
2025-05-07,1833.3333333333333,2000.0
2025-05-08,2000.0,1800.0
2025-05-09,1800.0,1700.0
2025-05-10,1700.0,1683.3333333333333
2025-05-11,1683.3333333333333,1966.6666666666667
2025-05-12,1966.6666666666667,1700.0
2025-05-13,1700.0,1800.0
2025-05-14,1800.0,2300.0
2025-05-15,2300.0,1933.3333333333333
2025-05-16,1933.3333333333333,1583.3333333333333
2025-05-17,1583.3333333333333,1500.0
2025-05-18,1500.0,1866.6666666666667
2025-05-19,1866.6666666666667,1616.6666666666667
2025-05-20,1616.6666666666667,1900.0
2025-05-21,1900.0,1933.3333333333333
2025-05-22,1933.3333333333333,1866.6666666666667
2025-05-23,1866.6666666666667,1650.0
2025-05-24,1650.0,1700.0
2025-05-25,1700.0,1966.6666666666667
2025-05-26,1966.6666666666667,1616.6666666666667
2025-05-28,1616.6666666666667,1900.0
2025-05-29,1900.0,1933.3333333333333
2025-05-30,1933.3333333333333,1933.3333333333333
2025-05-31,1933.3333333333333,1650.0
2025-06-01,1650.0,1900.0
2025-06-02,1900.0,1616.6666666666667
2025-06-03,1616.6666666666667,2050.0
2025-06-04,2050.0,2050.0
2025-06-05,2050.0,1500.0
2025-06-06,1500.0,1900.0
2025-06-07,1900.0,1600.0
2025-06-08,1600.0,2050.0
2025-06-09,2050.0,1850.0
2025-06-10,1850.0,1600.0
2025-06-11,1600.0,1500.0
2025-06-12,1500.0,1575.0
2025-06-13,1575.0,2100.0
2025-06-14,2100.0,1525.0
2025-06-15,1525.0,2000.0
2025-06-16,2000.0,1500.0
2025-06-17,1500.0,1650.0
2025-06-18,1650.0,1950.0
2025-06-19,1950.0,1700.0
2025-06-20,1700.0,1950.0
2025-06-21,1950.0,1950.0
2025-06-23,1950.0,1600.0
2025-06-24,1600.0,1950.0
2025-06-26,1950.0,2000.0
2025-06-27,2000.0,2000.0
2025-06-28,2000.0,1750.0
2025-06-29,1750.0,1700.0
2025-06-30,1700.0,2300.0
2025-07-01,2300.0,1500.0
2025-07-02,1500.0,1625.0
2025-07-03,1625.0,1850.0
2025-07-04,1850.0,1800.0
2025-07-05,1800.0,1500.0
2025-07-06,1500.0,1850.0
2025-07-07,1850.0,2300.0
2025-07-08,2300.0,1550.0
2025-07-09,1550.0,1600.0
2025-07-10,1600.0,1900.0
2025-07-11,1900.0,1600.0
2025-07-12,1600.0,1575.0
2025-07-13,1575.0,1850.0
2025-07-14,1850.0,1750.0
2025-07-15,1750.0,1500.0
2025-07-16,1500.0,1850.0
2025-07-17,1850.0,1450.0
2025-07-18,1450.0,1500.0
2025-07-19,1500.0,1400.0
2025-07-20,1400.0,1800.0
2025-07-22,1800.0,1750.0
2025-07-23,1750.0,1575.0
2025-07-25,1575.0,1800.0
2025-07-26,1800.0,1600.0
2025-07-27,1600.0,2100.0
2025-07-28,2100.0,1716.6666666666667
2025-07-29,1716.6666666666667,1750.0
2025-07-30,1750.0,1900.0
2025-07-31,1900.0,1800.0
2025-08-01,1800.0,1766.6666666666667
2025-08-02,1766.6666666666667,1650.0
2025-08-03,1650.0,1700.0
2025-08-04,1700.0,1766.6666666666667
2025-08-05,1766.6666666666667,1833.3333333333333
2025-08-06,1833.3333333333333,1600.0
2025-08-07,1600.0,1700.0
2025-08-08,1700.0,1662.5
2025-08-09,1662.5,1733.3333333333333
2025-08-10,1733.3333333333333,1750.0
2025-08-11,1750.0,1650.0
2025-08-12,1650.0,1700.0
2025-08-13,1700.0,1825.0
2025-08-14,1825.0,1633.3333333333333
2025-08-15,1633.3333333333333,1800.0
2025-08-16,1800.0,1600.0
2025-08-17,1600.0,1800.0
2025-08-18,1800.0,1700.0
2025-08-19,1700.0,1733.3333333333333
2025-08-20,1733.3333333333333,1800.0
2025-08-21,1800.0,1750.0
2025-08-22,1750.0,1700.0
2025-08-24,1700.0,1833.3333333333333
2025-08-25,1833.3333333333333,1725.0
2025-08-26,1725.0,1733.3333333333333
2025-08-27,1733.3333333333333,1666.6666666666667
2025-08-28,1666.6666666666667,1775.0
2025-08-29,1775.0,1766.6666666666667
2025-08-30,1766.6666666666667,1733.3333333333333
2025-08-31,1733.3333333333333,1750.0
2025-09-01,1750.0,1650.0
2025-09-02,1650.0,1750.0
2025-09-03,1750.0,1775.0
2025-09-04,1775.0,1600.0
2025-09-05,1600.0,1500.0
2025-09-06,1500.0,1566.6666666666667
