date,commodity,market,district,state,variety,arrival_mt,min_price_rs_quintal,max_price_rs_quintal,modal_price_rs_quintal,source
2025-03-05,Tomato,Bowenpally APMC,Hyderabad,Telangana,Deshi,245.8,400.0,1000.0,800.0,agmarknet_official
2025-03-07,Tomato,Bowenpally APMC,Hyderabad,Telangana,Deshi,228.5,800.0,3000.0,2400.0,agmarknet_official
2025-03-08,Tomato,Bowenpally APMC,Hyderabad,Telangana,Deshi,234.4,400.0,1000.0,800.0,agmarknet_official
2025-03-09,Tomato,Bowenpally APMC,Hyderabad,Telangana,Deshi,294.2,400.0,1000.0,800.0,agmarknet_official
2025-03-10,Tomato,Bowenpally APMC,Hyderabad,Telangana,Deshi,185.7,400.0,1000.0,800.0,agmarknet_official
2025-03-11,Tomato,Bowenpally APMC,Hyderabad,Telangana,Deshi,171.8,400.0,1000.0,800.0,agmarknet_official
2025-03-12,Tomato,Bowenpally APMC,Hyderabad,Telangana,Deshi,314.1,400.0,800.0,700.0,agmarknet_official
2025-03-14,Tomato,Bowenpally APMC,Hyderabad,Telangana,Deshi,172.2,400.0,800.0,700.0,agmarknet_official
2025-03-15,Tomato,Bowenpally APMC,Hyderabad,Telangana,Deshi,206.0,600.0,800.0,700.0,agmarknet_official
2025-03-16,Tomato,Bowenpally APMC,Hyderabad,Telangana,Deshi,252.5,400.0,800.0,700.0,agmarknet_official
2025-03-17,Tomato,Bowenpally APMC,Hyderabad,Telangana,Deshi,226.6,400.0,800.0,700.0,agmarknet_official
2025-03-18,Tomato,Bowenpally APMC,Hyderabad,Telangana,Deshi,270.5,400.0,800.0,700.0,agmarknet_official
2025-03-19,Tomato,Bowenpally APMC,Hyderabad,Telangana,Deshi,280.8,400.0,800.0,700.0,agmarknet_official
2025-03-20,Tomato,Bowenpally APMC,Hyderabad,Telangana,Deshi,232.4,400.0,800.0,700.0,agmarknet_official
2025-03-21,Tomato,Bowenpally APMC,Hyderabad,Telangana,Deshi,262.8,400.0,800.0,700.0,agmarknet_official
2025-03-22,Tomato,Bowenpally APMC,Hyderabad,Telangana,Deshi,218.1,400.0,800.0,700.0,agmarknet_official
2025-03-23,Tomato,Bowenpally APMC,Hyderabad,Telangana,Deshi,187.9,400.0,800.0,700.0,agmarknet_official
2025-03-24,Tomato,Bowenpally APMC,Hyderabad,Telangana,Deshi,208.0,400.0,800.0,700.0,agmarknet_official
2025-03-25,Tomato,Bowenpally APMC,Hyderabad,Telangana,Deshi,272.6,400.0,800.0,700.0,agmarknet_official
2025-03-26,Tomato,Bowenpally APMC,Hyderabad,Telangana,Deshi,259.8,400.0,800.0,700.0,agmarknet_official
2025-03-27,Tomato,Bowenpally APMC,Hyderabad,Telangana,Deshi,237.0,400.0,800.0,700.0,agmarknet_official
2025-03-28,Tomato,Bowenpally APMC,Hyderabad,Telangana,Deshi,190.4,400.0,800.0,700.0,agmarknet_official
2025-03-29,Tomato,Bowenpally APMC,Hyderabad,Telangana,Deshi,228.2,400.0,800.0,700.0,agmarknet_official
2025-03-31,Tomato,Bowenpally APMC,Hyderabad,Telangana,Deshi,97.8,400.0,1400.0,1100.0,agmarknet_official
2025-04-01,Tomato,Bowenpally APMC,Hyderabad,Telangana,Deshi,199.7,400.0,1200.0,1000.0,agmarknet_official
2025-04-02,Tomato,Bowenpally APMC,Hyderabad,Telangana,Deshi,293.4,400.0,1000.0,800.0,agmarknet_official
2025-04-03,Tomato,Bowenpally APMC,Hyderabad,Telangana,Deshi,189.5,400.0,1000.0,800.0,agmarknet_official
2025-04-04,Tomato,Bowenpally APMC,Hyderabad,Telangana,Deshi,171.4,400.0,800.0,650.0,agmarknet_official
2025-04-05,Tomato,Bowenpally APMC,Hyderabad,Telangana,Deshi,140.4,400.0,800.0,700.0,agmarknet_official
2025-04-06,Tomato,Bowenpally APMC,Hyderabad,Telangana,Deshi,204.1,400.0,1000.0,800.0,agmarknet_official
2025-04-07,Tomato,Bowenpally APMC,Hyderabad,Telangana,Deshi,232.1,400.0,1000.0,800.0,agmarknet_official
2025-04-09,Tomato,Bowenpally APMC,Hyderabad,Telangana,Deshi,196.7,400.0,1000.0,800.0,agmarknet_official
2025-04-10,Tomato,Bowenpally APMC,Hyderabad,Telangana,Deshi,209.5,400.0,1000.0,800.0,agmarknet_official
2025-04-11,Tomato,Bowenpally APMC,Hyderabad,Telangana,Deshi,168.6,400.0,1200.0,900.0,agmarknet_official
2025-04-12,Tomato,Bowenpally APMC,Hyderabad,Telangana,Deshi,270.1,400.0,1200.0,1000.0,agmarknet_official
2025-04-13,Tomato,Bowenpally APMC,Hyderabad,Telangana,Deshi,252.8,400.0,1000.0,800.0,agmarknet_official
2025-04-14,Tomato,Bowenpally APMC,Hyderabad,Telangana,Deshi,196.5,400.0,1000.0,800.0,agmarknet_official
2025-04-15,Tomato,Bowenpally APMC,Hyderabad,Telangana,Deshi,163.9,400.0,1200.0,1000.0,agmarknet_official
2025-04-16,Tomato,Bowenpally APMC,Hyderabad,Telangana,Deshi,197.1,400.0,1200.0,1000.0,agmarknet_official
2025-04-17,Tomato,Bowenpally APMC,Hyderabad,Telangana,Deshi,253.6,400.0,1200.0,1000.0,agmarknet_official
2025-04-18,Tomato,Bowenpally APMC,Hyderabad,Telangana,Deshi,211.2,400.0,1000.0,800.0,agmarknet_official
2025-04-19,Tomato,Bowenpally APMC,Hyderabad,Telangana,Deshi,191.3,400.0,1200.0,1000.0,agmarknet_official
2025-04-20,Tomato,Bowenpally APMC,Hyderabad,Telangana,Deshi,214.8,400.0,1000.0,800.0,agmarknet_official
2025-04-21,Tomato,Bowenpally APMC,Hyderabad,Telangana,Deshi,134.3,400.0,1200.0,1000.0,agmarknet_official
2025-04-22,Tomato,Bowenpally APMC,Hyderabad,Telangana,Deshi,225.4,400.0,1200.0,1000.0,agmarknet_official
2025-04-23,Tomato,Bowenpally APMC,Hyderabad,Telangana,Deshi,223.2,400.0,1200.0,1000.0,agmarknet_official
2025-04-24,Tomato,Bowenpally APMC,Hyderabad,Telangana,Deshi,234.5,400.0,1200.0,1000.0,agmarknet_official
2025-04-25,Tomato,Bowenpally APMC,Hyderabad,Telangana,Deshi,200.1,400.0,1000.0,800.0,agmarknet_official
2025-04-26,Tomato,Bowenpally APMC,Hyderabad,Telangana,Deshi,270.4,400.0,1200.0,1000.0,agmarknet_official
2025-04-28,Tomato,Bowenpally APMC,Hyderabad,Telangana,Deshi,282.2,400.0,1200.0,1000.0,agmarknet_official
2025-04-29,Tomato,Bowenpally APMC,Hyderabad,Telangana,Deshi,300.0,400.0,1200.0,1000.0,agmarknet_official
2025-04-30,Tomato,Bowenpally APMC,Hyderabad,Telangana,Deshi,299.0,400.0,1200.0,1000.0,agmarknet_official
2025-05-02,Tomato,Bowenpally APMC,Hyderabad,Telangana,Deshi,350.3,400.0,1000.0,800.0,agmarknet_official
2025-05-03,Tomato,Bowenpally APMC,Hyderabad,Telangana,Deshi,272.8,400.0,1000.0,800.0,agmarknet_official
2025-05-04,Tomato,Bowenpally APMC,Hyderabad,Telangana,Deshi,237.6,200.0,1000.0,700.0,agmarknet_official
2025-05-05,Tomato,Bowenpally APMC,Hyderabad,Telangana,Deshi,202.7,400.0,1000.0,800.0,agmarknet_official
2025-05-06,Tomato,Bowenpally APMC,Hyderabad,Telangana,Deshi,201.4,400.0,1000.0,800.0,agmarknet_official
2025-05-07,Tomato,Bowenpally APMC,Hyderabad,Telangana,Deshi,220.0,400.0,1000.0,800.0,agmarknet_official
2025-05-08,Tomato,Bowenpally APMC,Hyderabad,Telangana,Deshi,223.3,400.0,1000.0,800.0,agmarknet_official
2025-05-09,Tomato,Bowenpally APMC,Hyderabad,Telangana,Deshi,244.5,400.0,1000.0,800.0,agmarknet_official
2025-05-10,Tomato,Bowenpally APMC,Hyderabad,Telangana,Deshi,243.2,400.0,1000.0,800.0,agmarknet_official
2025-05-11,Tomato,Bowenpally APMC,Hyderabad,Telangana,Deshi,263.3,400.0,1000.0,800.0,agmarknet_official
2025-05-12,Tomato,Bowenpally APMC,Hyderabad,Telangana,Deshi,288.6,400.0,1000.0,800.0,agmarknet_official
2025-05-13,Tomato,Bowenpally APMC,Hyderabad,Telangana,Deshi,269.6,500.0,1200.0,900.0,agmarknet_official
2025-05-15,Tomato,Bowenpally APMC,Hyderabad,Telangana,Deshi,293.8,400.0,1000.0,800.0,agmarknet_official
2025-05-16,Tomato,Bowenpally APMC,Hyderabad,Telangana,Deshi,293.2,400.0,1000.0,800.0,agmarknet_official
2025-05-17,Tomato,Bowenpally APMC,Hyderabad,Telangana,Deshi,202.3,400.0,1000.0,800.0,agmarknet_official
2025-05-19,Tomato,Bowenpally APMC,Hyderabad,Telangana,Deshi,198.4,400.0,1000.0,800.0,agmarknet_official
2025-05-20,Tomato,Bowenpally APMC,Hyderabad,Telangana,Deshi,235.1,400.0,1200.0,1000.0,agmarknet_official
2025-05-21,Tomato,Bowenpally APMC,Hyderabad,Telangana,Deshi,289.2,400.0,1200.0,1000.0,agmarknet_official
2025-05-22,Tomato,Bowenpally APMC,Hyderabad,Telangana,Deshi,237.5,400.0,1000.0,800.0,agmarknet_official
2025-05-23,Tomato,Bowenpally APMC,Hyderabad,Telangana,Deshi,214.1,400.0,1000.0,800.0,agmarknet_official
2025-05-24,Tomato,Bowenpally APMC,Hyderabad,Telangana,Deshi,218.9,400.0,1200.0,1000.0,agmarknet_official
2025-05-25,Tomato,Bowenpally APMC,Hyderabad,Telangana,Deshi,306.6,400.0,1200.0,1000.0,agmarknet_official
2025-05-26,Tomato,Bowenpally APMC,Hyderabad,Telangana,Deshi,360.9,400.0,1400.0,1100.0,agmarknet_official
2025-05-28,Tomato,Bowenpally APMC,Hyderabad,Telangana,Deshi,486.6,400.0,1200.0,1000.0,agmarknet_official
2025-05-29,Tomato,Bowenpally APMC,Hyderabad,Telangana,Deshi,358.0,400.0,1000.0,800.0,agmarknet_official
2025-05-30,Tomato,Bowenpally APMC,Hyderabad,Telangana,Deshi,294.3,400.0,1200.0,1000.0,agmarknet_official
2025-05-31,Tomato,Bowenpally APMC,Hyderabad,Telangana,Deshi,389.9,400.0,1200.0,1000.0,agmarknet_official
2025-06-01,Tomato,Bowenpally APMC,Hyderabad,Telangana,Deshi,319.5,400.0,1200.0,1000.0,agmarknet_official
2025-06-02,Tomato,Bowenpally APMC,Hyderabad,Telangana,Deshi,281.9,400.0,1200.0,1000.0,agmarknet_official
2025-06-03,Tomato,Bowenpally APMC,Hyderabad,Telangana,Deshi,343.0,400.0,1400.0,1100.0,agmarknet_official
2025-08-09,Tomato,Bowenpally APMC,Hyderabad,Telangana,Deshi,185.4,800.0,3200.0,2500.0,agmarknet_official
2025-08-10,Tomato,Bowenpally APMC,Hyderabad,Telangana,Deshi,254.4,800.0,3400.0,2500.0,agmarknet_official
2025-08-13,Tomato,Bowenpally APMC,Hyderabad,Telangana,Deshi,224.5,600.0,3400.0,2500.0,agmarknet_official
2025-08-14,Tomato,Bowenpally APMC,Hyderabad,Telangana,Deshi,273.0,800.0,3400.0,2500.0,agmarknet_official
2025-08-15,Tomato,Bowenpally APMC,Hyderabad,Telangana,Deshi,198.5,800.0,3600.0,2800.0,agmarknet_official
2025-08-16,Tomato,Bowenpally APMC,Hyderabad,Telangana,Deshi,319.5,800.0,3600.0,2800.0,agmarknet_official
2025-08-18,Tomato,Bowenpally APMC,Hyderabad,Telangana,Deshi,281.4,800.0,3000.0,2500.0,agmarknet_official
2025-08-19,Tomato,Bowenpally APMC,Hyderabad,Telangana,Deshi,155.3,800.0,3200.0,2500.0,agmarknet_official
2025-08-20,Tomato,Bowenpally APMC,Hyderabad,Telangana,Deshi,268.5,800.0,3200.0,2500.0,agmarknet_official
2025-08-22,Tomato,Bowenpally APMC,Hyderabad,Telangana,Deshi,394.0,600.0,3800.0,2800.0,agmarknet_official
2025-08-25,Tomato,Bowenpally APMC,Hyderabad,Telangana,Deshi,348.2,600.0,3000.0,2400.0,agmarknet_official
2025-08-26,Tomato,Bowenpally APMC,Hyderabad,Telangana,Deshi,377.8,400.0,2800.0,2000.0,agmarknet_official
2025-08-27,Tomato,Bowenpally APMC,Hyderabad,Telangana,Deshi,217.0,600.0,2400.0,1800.0,agmarknet_official
2025-08-28,Tomato,Bowenpally APMC,Hyderabad,Telangana,Deshi,198.7,400.0,2600.0,2000.0,agmarknet_official
2025-08-29,Tomato,Bowenpally APMC,Hyderabad,Telangana,Deshi,240.8,800.0,2800.0,2400.0,agmarknet_official
2025-08-30,Tomato,Bowenpally APMC,Hyderabad,Telangana,Deshi,451.3,800.0,2800.0,2400.0,agmarknet_official
2025-08-31,Tomato,Bowenpally APMC,Hyderabad,Telangana,Deshi,452.1,800.0,3000.0,2400.0,agmarknet_official
